"0","tidy_surveys<- tidy_surveys |> "
"0","  left_join(filtrado, by = c(""partidos"" = ""siglas"")) |> "
"0","  mutate(partido = if_else(partidos %in% filtrado$siglas, partidos, ""OTROS"")) |> "
"0","  select(-partidos) |> "
"0","  relocate(partido, .before = turnout)"
"2","Aviso en left_join(tidy_surveys, filtrado, by = c(partidos = ""siglas"")) :"
"2","
 "
"2"," [38;5;252mDetected an unexpected many-to-many relationship between `x` and `y`.
[36mℹ[38;5;252m Row 1 of `x` matches multiple rows in `y`.
[36mℹ[38;5;252m Row 5 of `y` matches multiple rows in `x`.
[36mℹ[38;5;252m If a many-to-many relationship is expected, set `relationship = ""many-to-many""` to silence this warning.[39m
"
